fl16y,assoc,class_5FGL,class_Firmamiento,class_Paliya,class_Foschini
FL16Y J0001.5-0010,FBQS J0001-0011,bll,bll,rdg,None
FL16Y J0001.6+2113,TXS 2358+209,fsrq,bcu,None,nls1
FL16Y J0009.6-3217,IC 1531,rdg,bcu,rdg,mis
FL16Y J0013.6+4050,4C +40.01,agn,bcu,rdg,mis
FL16Y J0014.2+0852,MS 0011.7+0837,bll,bcu,rdg,clagn
FL16Y J0014.3-0459,GALEXASC J001420.46-045929.1,bcu,bcu,None,fsrq
FL16Y J0019.4+2606,4C +25.01,fsrq,fsrq,rdg,None
FL16Y J0024.1-6819,PKS 0021-686,fsrq,bcu,None,mis
FL16Y J0028.9-0112,PKS 0026-014,bll,bcu,None,sey
FL16Y J0036.8+1834,CRATES J003659.39+183203.7,bcu,bcu,None,fsrq
FL16Y J0037.4+2614,WISE J003719.15+261312.6,bll,bcu,rdg,fsrq
FL16Y J0038.8-0144,3C 17,rdg,None,rdg,mis
FL16Y J0041.3+3210,TXS 0038+319,bcu,bcu,None,fsrq
FL16Y J0041.4+3800,B3 0038+377,fsrq,bll,None,fsrq
FL16Y J0043.6+2223,TXS 0040+221,bcu,bcu,None,bll
FL16Y J0049.0+2253,CRATES J004901.37+225315.4,bll,bcu,None,mis
FL16Y J0049.5-4458,PMN J0049-4457,fsrq,bcu,None,sey
FL16Y J0053.4-6645,PMN J0052-6641,bll,bll,None,mis
FL16Y J0056.3-0936,TXS 0053-098,bll,bcu,None,mis
FL16Y J0056.8-3938,NVSS J005620-394144,bll,bcu,None,amb
FL16Y J0057.4+2218,87GB 005452.5+220227,bcu,bcu,None,bll
FL16Y J0057.7+3024,NGC 315,rdg,bcu,rdg,mis
FL16Y J0102.4+4215,GB6 J0102+4214,fsrq,fsrq,None,nls1
FL16Y J0109.2+2400,GB6 J0109+2400,bcu,bcu,None,bll
FL16Y J0115.0+2621,1RXS J011451.8+262337,bcu,bcu,None,bll
FL16Y J0119.8+4200,2MASX J01200274+4200139,bll,bcu,rdg,bll
FL16Y J0127.9+4857,GB6 J0128+4901,bll,bcu,None,amb
FL16Y J0129.7+3437,TXS 0126+343,bll,bcu,None,amb
FL16Y J0130.5+1843,MG1 J013030+1843,bcu,bcu,None,bll
FL16Y J0132.7-0804,PKS 0130-083,fsrq,bll,None,sey
FL16Y J0133.1+4322,B3 0129+431,bcu,bcu,None,bll
FL16Y J0134.5+2638,RX J0134.4+2638,bll,bll,None,clagn
FL16Y J0145.8+2320,TXS 0143+230,bcu,bcu,None,bll
FL16Y J0151.1+0540,PMN J0151+0540,bcu,bcu,None,bll
FL16Y J0154.1-0234,TXS 0151-028,fsrq,bcu,None,bll
FL16Y J0156.0+1503,RX J0156.0+1502,bcu,bcu,None,bll
FL16Y J0158.8+0102,GB6 J0158+0101,fsrq,bcu,None,bll
FL16Y J0203.7+3042,NVSS J020344+304238,bll,bll,None,fsrq
FL16Y J0204.3+2416,B2 0201+24,bll,bll,rdg,bll
FL16Y J0204.8+1514,4C +15.05,bcu,bcu,None,fsrq
FL16Y J0206.1-0957,2MASS J02061590-0957174,fsrq,bll,None,None
FL16Y J0210.0+7229,S5 0205+722,bll,bcu,None,fsrq
FL16Y J0216.0+0259,PMN J0215+0300,bcu,bcu,None,bll
FL16Y J0216.9+0510,NVSS J021655+051018,bcu,bcu,None,bll
FL16Y J0217.0-0820,PKS 0214-085,fsrq,bcu,None,amb
FL16Y J0217.8+0144,PKS 0215+015,fsrq,fsrq,None,clagn
FL16Y J0223.5-0926,PMN J0223-0925,bcu,bcu,None,fsrq
FL16Y J0224.4+0700,PKS 0221+067,fsrq,fsrq,None,nls1
FL16Y J0226.3-1846,PKS 0224-189,bcu,bcu,None,fsrq
FL16Y J0244.5+1316,GB6 J0244+1320,bcu,bcu,None,fsrq
FL16Y J0305.1-1608,PKS 0302-16,bll,bll,rdg,bll
FL16Y J0307.7-0419,LEDA 095522,fsrq,bcu,None,bll
FL16Y J0308.4+0407,NGC 1218,rdg,bcu,rdg,mis
FL16Y J0309.2-4002,PKS 0307-402,bll,bcu,rdg,bll
FL16Y J0310.9+3816,B3 0307+380,fsrq,fsrq,None,sey
FL16Y J0312.9+4118,B3 0309+411B,rdg,bcu,None,mis
FL16Y J0313.1+0228,TXS 0310+022,bcu,bcu,None,fsrq
FL16Y J0316.8+4120,IC 310,rdg,bcu,rdg,mis
FL16Y J0317.5-2802,PKS 0315-282,fsrq,fsrq,None,amb
FL16Y J0317.9-4414,PKS 0316-444,fsrq,bcu,None,mis
FL16Y J0319.8+4130,NGC 1275,rdg,bcu,None,mis
FL16Y J0324.9+3412,1H 0323+342,nlsy1,None,None,nls1
FL16Y J0327.6-1808,CRATES J032743.34-180342.0,bcu,bcu,None,fsrq
FL16Y J0331.0-5239,PGC 013066,bcu,bcu,None,mis
FL16Y J0334.3+3920,4C +39.12,rdg,bcu,rdg,mis
FL16Y J0339.2-1735,PKS 0336-177,bll,bll,None,mis
FL16Y J0349.3-1159,1ES 0347-121,bll,bll,None,amb
FL16Y J0350.7-3230,PKS 0348-326,bcu,bcu,None,fsrq
FL16Y J0353.0-6831,PKS 0352-686,bll,bll,None,mis
FL16Y J0401.2+0412,MG1 J040119+0412,bcu,bcu,None,bll
FL16Y J0403.8-2444,TXS 0401-248,bll,fsrq,None,fsrq
FL16Y J0407.4+0741,TXS 0404+075,bll,bll,None,clagn
FL16Y J0431.2-0400,PMN J0431-0406,bcu,fsrq,None,None
FL16Y J0431.8+1732,TXS 0429+174,bcu,bcu,None,bll
FL16Y J0433.1+0521,3C 120,rdg,bcu,None,mis
FL16Y J0442.6-0017,PKS 0440-00,fsrq,fsrq,None,nls1
FL16Y J0449.0+1121,PKS 0446+11,fsrq,fsrq,None,clagn
FL16Y J0457.0-2324,PKS 0454-234,fsrq,fsrq,None,bll
FL16Y J0509.3+1012,PKS 0506+101,fsrq,fsrq,None,clagn
FL16Y J0510.0+1800,PKS 0507+17,fsrq,fsrq,None,clagn
FL16Y J0515.5-0124,NVSS J051536-012427,bll,bll,rdg,bcu
FL16Y J0515.7-4556,PKS 0514-459,fsrq,fsrq,None,amb
FL16Y J0519.5-4546,Pictor A,rdg,bcu,rdg,mis
FL16Y J0521.2+1637,3C 138,css,bcu,None,mis
FL16Y J0522.9-3627,PKS 0521-36,agn,bcu,rdg,clagn
FL16Y J0525.6-2009,PMN J0525-2010,bll,bcu,rdg,bll
FL16Y J0550.6-3216,PKS 0548-322,bll,bcu,rdg,bll
FL16Y J0604.7+4412,S4 0600+44,bcu,bcu,None,fsrq
FL16Y J0606.5-4730,RX J060635.9-473001,bll,bll,None,sey
FL16Y J0620.5-2514,PKS 0618-252,bcu,bcu,None,fsrq
FL16Y J0621.1-4651,IVS B0619-468,bcu,bcu,None,fsrq
FL16Y J0627.1-3529,PKS 0625-35,rdg,bcu,rdg,mis
FL16Y J0653.9-4152,LEDA 571171,bll,bcu,None,mis
FL16Y J0656.2+4236,4C +42.22,bll,bcu,rdg,bll
FL16Y J0658.2-5840,PMN J0658-5840,bcu,bcu,None,fsrq
FL16Y J0709.1+4838,NGC 2329,rdg,bcu,rdg,mis
FL16Y J0710.9+4733,S4 0707+47,bll,bll,None,fsrq
FL16Y J0717.3-6236,PMN J0719-6218,bcu,bcu,None,fsrq
FL16Y J0719.3+3307,B2 0716+33,fsrq,fsrq,None,clagn
FL16Y J0733.1+4916,TXS 0729+493,bll,bcu,rdg,bcu
FL16Y J0733.5+3650,GB6 J0733+3650,bcu,bcu,None,bll
FL16Y J0733.8+4110,GB6 J0733+4111,bll,bll,None,amb
FL16Y J0746.6+2732,OI 272,fsrq,bcu,None,bll
FL16Y J0749.3+4453,SDSS J074916.88+445232.1,bcu,bcu,None,fsrq
FL16Y J0751.6+2656,MG2 J075139+2657,bcu,bcu,None,bll
FL16Y J0758.6+3745,NGC 2484,rdg,bcu,rdg,mis
FL16Y J0803.2-0336,TXS 0800-034,fsrq,bll,None,bcu
FL16Y J0814.4+2940,RX J0814.4+2941,bll,bll,None,fsrq
FL16Y J0815.7+2949,2MASX J08153642+2950218,bcu,bcu,None,bll
FL16Y J0817.0+1957,CRATES J081705+195836,bcu,bcu,None,amb
FL16Y J0821.2+1008,SDSS J082054.81+100609.4,bcu,bcu,None,fsrq
FL16Y J0829.1+1753,TXS 0826+180,bll,bcu,rdg,mis
FL16Y J0829.5+0857,TXS 0826+091,fsrq,bcu,None,mis
FL16Y J0834.0+4224,OJ 451,fsrq,fsrq,None,clagn
FL16Y J0840.9+1315,3C 207,ssrq,bcu,rdg,mis
FL16Y J0850.0+5108,SBS 0846+513,nlsy1,bcu,None,nls1
FL16Y J0858.5+1407,3C 212,ssrq,bcu,rdg,mis
FL16Y J0902.8+6442,GB6 J0902+6444,bcu,bcu,None,bll
FL16Y J0903.5+4056,WISEA J090314.70+405559.9,bll,bcu,rdg,None
FL16Y J0912.9-2103,MRC 0910-208,bll,bll,rdg,bll
FL16Y J0922.3-0528,TXS 0919-052,fsrq,fsrq,None,amb
FL16Y J0922.7+4454,NVSS J092235+445749,bcu,bcu,None,sey
FL16Y J0929.4-2416,NVSS J092928-241632,bll,bcu,rdg,bll
FL16Y J0931.9+6736,NGC 2892,rdg,bcu,None,bll
FL16Y J0932.5+5306,S4 0929+53,fsrq,fsrq,None,nls1
FL16Y J0937.1+5008,GB6 J0937+5008,fsrq,fsrq,None,sey
FL16Y J0939.2-1732,TXS 0936-173,bcu,bcu,None,fsrq
FL16Y J0941.7+4124,GB6 J0941+4121,bcu,bcu,None,fsrq
FL16Y J0944.5+6136,FIRST J094420.3+613550,bcu,bcu,None,fsrq
FL16Y J0945.7+4635,B3 0942+468,fsrq,fsrq,None,mis
FL16Y J0948.8+0021,PMN J0948+0022,nlsy1,fsrq,None,nls1
FL16Y J0949.7+5820,87GB 094609.3+583301,bcu,bcu,None,fsrq
FL16Y J0957.8+3422,B2 0954+34,bcu,bcu,None,bll
FL16Y J0958.2+3222,3C 232,fsrq,bcu,None,nls1
FL16Y J0958.2-2654,NGC 3078,rdg,bcu,rdg,amb
FL16Y J0959.4+4602,2MASX J09591976+4603515,bll,bcu,None,sey
FL16Y J1001.2+2911,GB6 J1001+2911,bll,bll,None,fsrq
FL16Y J1008.2+0029,PKS 1005+007,bll,bcu,rdg,mis
FL16Y J1012.2+0631,NRAO 350,bll,bll,None,amb
FL16Y J1012.7+4229,B3 1009+427,bll,bll,None,mis
FL16Y J1018.1+0711,GB6 J1018+0715,bcu,bcu,None,fsrq
FL16Y J1021.9+5124,MS 1019.0+5139,bll,bcu,None,amb
FL16Y J1024.8+2333,MG2 J102456+2332,bll,bll,None,sey
FL16Y J1027.2+7427,GB6 J1027+7428,bcu,bcu,None,fsrq
FL16Y J1031.3+7441,S5 1027+74,bll,bcu,None,fsrq
FL16Y J1035.4+5543,GB6 J1035+5542,bcu,bcu,None,bll
FL16Y J1037.1-2934,PKS 1034-293,fsrq,fsrq,None,clagn
FL16Y J1039.7+0535,NVSS J103940+053608,bcu,bcu,None,bll
FL16Y J1043.1+2408,B2 1040+24A,fsrq,fsrq,None,clagn
FL16Y J1046.2+5450,7C 1043+5505,bcu,bcu,None,amb
FL16Y J1048.0+0058,TXS 1045+011,bcu,bcu,None,amb
FL16Y J1048.4-1911,PKS 1045-18,fsrq,fsrq,None,nls1
FL16Y J1053.7+4930,GB6 J1053+4930,bll,bcu,None,mis
FL16Y J1054.3+3925,CRATES J105433+392803,bcu,bcu,None,fsrq
FL16Y J1058.4+0133,4C +01.28,bll,bcu,None,fsrq
FL16Y J1103.0+5250,GB6 J1102+5249,fsrq,bcu,None,nls1
FL16Y J1121.2-0011,MGC 0019706,rdg,bcu,rdg,mis
FL16Y J1124.0+2336,OM 235,fsrq,fsrq,None,clagn
FL16Y J1124.5+2308,CRATES J112431+230745,bcu,bcu,None,bll
FL16Y J1125.9+2005,4C +20.25,fsrq,bcu,None,amb
FL16Y J1129.2-0529,NVSS J112914-052856,bcu,bcu,None,fsrq
FL16Y J1129.6+3035,87GB 112657.9+305242,bcu,bcu,None,bll
FL16Y J1131.4-0500,PKS 1128-047,bcu,bcu,None,mis
FL16Y J1136.8+2551,RX J1136.8+2551,bll,bcu,None,sey
FL16Y J1138.6+4032,CRATES J113903+403303,bcu,bcu,None,fsrq
FL16Y J1145.0+1936,3C 264,rdg,bcu,rdg,mis
FL16Y J1145.7+4422,B3 1143+446A,fsrq,bcu,None,sey
FL16Y J1146.4-3330,PKS 1143-331,rdg,bcu,rdg,fsrq
FL16Y J1146.5-2901,PKS 1143-287,fsrq,fsrq,None,bll
FL16Y J1148.9+5924,NGC 3894,rdg,bcu,None,mis
FL16Y J1153.3-1104,PKS B1150-108,bcu,bcu,None,fsrq
FL16Y J1153.8+3822,B3 1151+386,bll,bll,None,sey
FL16Y J1153.9+4036,B3 1151+408,fsrq,fsrq,None,nls1
FL16Y J1159.2-2228,PKS 1156-221,bcu,bcu,None,fsrq
FL16Y J1201.1-0333,NVSS J120111-033219,bcu,bcu,None,amb
FL16Y J1202.3+4443,B3 1159+450,bll,bll,rdg,bll
FL16Y J1202.5-0529,PKS 1200-051,fsrq,fsrq,None,nls1
FL16Y J1203.0+6030,SBS 1200+608,bll,bll,None,sey
FL16Y J1203.2+1118,TXS 1200+115,bcu,bcu,None,fsrq
FL16Y J1205.6-2635,PKS 1203-26,fsrq,fsrq,rdg,fsrq
FL16Y J1205.7+3323,SDSS J120542.82+332146.9,bcu,bcu,None,fsrq
FL16Y J1208.5+6121,RGB J1208+613,bll,bcu,None,mis
FL16Y J1208.9+5441,TXS 1206+549,fsrq,fsrq,None,nls1
FL16Y J1214.6-1925,PKS B1211-190,bcu,bcu,None,nls1
FL16Y J1216.1+0929,TXS 1213+097,bll,bcu,rdg,sey
FL16Y J1219.4+0549,NGC 4261,rdg,bcu,rdg,mis
FL16Y J1220.1+7105,S5 1217+71,fsrq,fsrq,None,amb
FL16Y J1224.9+4335,B3 1222+438,bll,bll,None,amb
FL16Y J1230.8+1223,M 87,rdg,bcu,rdg,mis
FL16Y J1233.8+5027,TXS 1231+507,bll,bcu,rdg,amb
FL16Y J1241.4+4236,B3 1239+429,bcu,bcu,None,bll
FL16Y J1243.0+3950,SDSS J124318.91+395117.7,bcu,bcu,None,amb
FL16Y J1243.8-0218,PMN J1243-0218,bcu,bcu,None,bll
FL16Y J1246.7-2548,PKS 1244-255,fsrq,fsrq,None,nls1
FL16Y J1248.8+4841,87GB 124632.9+485605,bcu,bcu,None,fsrq
FL16Y J1259.1-2311,PKS B1256-229,bll,bcu,None,fsrq
FL16Y J1302.7+6905,TXS 1300+693,bcu,bcu,None,amb
FL16Y J1302.8+5747,TXS 1300+580,bll,bcu,None,clagn
FL16Y J1305.7+3858,2MASS J13053124+3855218,bll,bll,rdg,mis
FL16Y J1306.4+1114,TXS 1303+114,rdg,bcu,rdg,mis
FL16Y J1306.7-2148,PKS 1304-215,rdg,bcu,rdg,mis
FL16Y J1310.7+2448,CRATES J131038.52+244822.1,bll,bcu,rdg,bll
FL16Y J1310.8+5514,TXS 1308+554,fsrq,fsrq,None,nls1
FL16Y J1312.6+4828,GB 1310+487,bcu,bcu,None,amb
FL16Y J1319.6-0046,PKS B1317-005,bcu,bcu,None,mis
FL16Y J1322.2+0843,NVSS J132210+084231,fsrq,bcu,None,clagn
FL16Y J1323.0+2941,4C +29.48,bcu,bcu,None,fsrq
FL16Y J1325.5-4301,Cen A,rdg,bcu,rdg,mis
FL16Y J1326.1+4115,B3 1323+415,bll,bll,rdg,None
FL16Y J1329.5-0530,HE 1326-0516,bcu,bcu,None,fsrq
FL16Y J1330.8+5201,87GB 132842.6+521750,bcu,bcu,None,amb
FL16Y J1330.9+3030,3C 286,css,bcu,None,mis
FL16Y J1331.3-1325,PMN J1331-1326,bll,bcu,None,fsrq
FL16Y J1331.6-0647,NVSS J133146-064632,bcu,bcu,None,bll
FL16Y J1333.2+2726,MG2 J133305+2725,fsrq,fsrq,None,clagn
FL16Y J1334.7+5634,TXS 1332+567,fsrq,fsrq,rdg,mis
FL16Y J1339.0-2359,PKS 1336-237,bcu,bcu,None,fsrq
FL16Y J1339.9+3859,NVSS J133849+385111,rdg,None,rdg,mis
FL16Y J1340.3+6925,TXS 1339+696,bcu,bcu,None,fsrq
FL16Y J1341.1+3958,SDSS J134105.10+395945.4,bll,bcu,rdg,amb
FL16Y J1342.6+0941,NVSS J134240+094752,fsrq,bll,None,bll
FL16Y J1342.7+0503,4C +05.57,bll,bcu,rdg,mis
FL16Y J1351.7-2913,PKS 1348-289,bcu,bcu,None,bll
FL16Y J1354.8-1041,PKS 1352-104,fsrq,fsrq,rdg,fsrq
FL16Y J1356.3-1725,PKS B1353-171,agn,None,None,mis
FL16Y J1402.7+1601,4C +16.39,bll,bll,rdg,amb
FL16Y J1411.8+5249,SBS 1410+530,bll,bcu,None,mis
FL16Y J1413.2-6520,Circinus galaxy,sey,bcu,rdg,None
FL16Y J1414.7+0825,MG1 J141511+0832,bcu,fsrq,None,None
FL16Y J1418.5+3543,87GB 141615.9+355650,fsrq,bll,None,fsrq
FL16Y J1419.3+0445,2MASS J14192748+0445138,bll,bll,None,amb
FL16Y J1421.8-4816,PMN J1421-4820,bcu,bcu,None,fsrq
FL16Y J1423.6+4523,87GB 142138.0+453705,bcu,bcu,None,bll
FL16Y J1428.1+1629,MG1 J142813+1629,bcu,bcu,None,fsrq
FL16Y J1435.4+2021,TXS 1433+205,rdg,bcu,rdg,mis
FL16Y J1441.8+1838,NVSS J144143+183706,bcu,bcu,None,bll
FL16Y J1442.2+0621,SDSS J144212.23+062526.1,bcu,bcu,None,fsrq
FL16Y J1442.9+5202,3C 303,rdg,bcu,rdg,mis
FL16Y J1443.3+4727,B3 1441+476,nlsy1,bcu,None,nls1
FL16Y J1446.6+3111,MG2 J144640+3110,bcu,bcu,None,bll
FL16Y J1449.6+2746,B2 1447+27,rdg,bcu,None,mis
FL16Y J1449.7-0909,1RXS J144942.2-091018,agn,bll,None,bcu
FL16Y J1451.6+1416,NVSS J145126+141626,bcu,bcu,None,mis
FL16Y J1453.5+3506,MG2 J145315+3506,fsrq,fsrq,None,bll
FL16Y J1453.9+2647,B2 1451+26,bcu,bcu,None,bll
FL16Y J1455.1-3655,PKS 1452-367,rdg,bcu,rdg,mis
FL16Y J1459.3+7138,3C 309.1,css,bcu,None,mis
FL16Y J1459.5+1527,MG1 J145921+1526,fsrq,bcu,None,bll
FL16Y J1500.7+4751,TXS 1459+480,bll,fsrq,None,bll
FL16Y J1503.6+4758,TXS 1501+481,bll,bll,None,mis
FL16Y J1505.1+0327,PKS 1502+036,nlsy1,fsrq,None,nls1
FL16Y J1512.2+4704,B3 1510+472,bcu,bcu,None,bll
FL16Y J1512.2+0202,PKS 1509+022,fsrq,bcu,rdg,mis
FL16Y J1516.6+0014,PKS 1514+00,rdg,bcu,rdg,mis
FL16Y J1516.7+2918,RGB J1516+293,bll,bcu,rdg,bll
FL16Y J1518.6+4044,GB6 J1518+4045,bll,bcu,None,amb
FL16Y J1518.7+0613,TXS 1516+064,rdg,bll,rdg,mis
FL16Y J1520.5+4210,B3 1518+423,fsrq,fsrq,None,amb
FL16Y J1521.2+0419,PKS B1518+045,rdg,bcu,rdg,mis
FL16Y J1542.2+1749,OR 167,fsrq,bcu,None,mis
FL16Y J1543.6+0452,CGCG 050-083,agn,bcu,None,bll
FL16Y J1544.3-0649,NVSS J154419-064913,bcu,bcu,None,bll
FL16Y J1548.6+7847,NVSS J154837+784526,bcu,bcu,None,bll
FL16Y J1553.5-2422,PKS 1550-242,fsrq,bcu,None,sey
FL16Y J1556.5+1418,TXS 1554+144,fsrq,bcu,rdg,None
FL16Y J1557.7-1404,PKS 1555-140,fsrq,None,None,sey
FL16Y J1602.2+3327,OS 300,bcu,bcu,None,mis
FL16Y J1605.7+7207,RX J1605.4+7208,bcu,bcu,None,amb
FL16Y J1606.3+5630,RBS 1558,bll,bcu,None,sey
FL16Y J1615.6+2130,SDSS J161531.09+213011.0,bcu,bcu,None,fsrq
FL16Y J1615.7+4712,B3 1614+473,fsrq,bcu,rdg,mis
FL16Y J1627.6+4801,MG4 J162750+4802,bcu,bcu,None,fsrq
FL16Y J1631.0+8233,NGC 6251,rdg,bcu,None,mis
FL16Y J1631.2+4927,TXS 1629+495,fsrq,fsrq,None,sey
FL16Y J1635.1+3459,MG2 J163505+3458,bcu,bcu,None,bll
FL16Y J1636.5+7130,7C 1636+7134,rdg,bcu,rdg,fsrq
FL16Y J1642.4-7714,PKS 1636-77,bll,bcu,rdg,mis
FL16Y J1644.2+4546,B3 1642+458,bll,bcu,rdg,bll
FL16Y J1644.8+2619,MG2 J164443+2618,nlsy1,fsrq,None,nls1
FL16Y J1647.6+4949,SBS 1646+499,bll,bcu,None,sey
FL16Y J1648.2+2224,MG2 J164800+2224,bcu,bcu,None,bll
FL16Y J1648.5+4233,NVSS J164831+423322,bcu,bcu,None,fsrq
FL16Y J1657.8+4808,4C +48.41,fsrq,bcu,None,clagn
FL16Y J1700.1+6830,TXS 1700+685,fsrq,fsrq,None,nls1
FL16Y J1707.5+1648,MG1 J170732+1649,fsrq,bcu,None,sey
FL16Y J1716.6-6707,PKS 1711-670,bcu,bcu,None,bll
FL16Y J1720.4+3823,SDSS J172010.33+382556.1,rdg,bcu,rdg,amb
FL16Y J1724.1-6502,NGC 6328,rdg,bcu,None,mis
FL16Y J1724.1+3302,B2 1722+33,fsrq,fsrq,None,sey
FL16Y J1724.2+4005,S4 1722+40,fsrq,fsrq,None,bll
FL16Y J1725.4+5255,RX J1725.3+5255,bcu,bcu,None,bll
FL16Y J1738.5+3223,MG2 J173841+3224,fsrq,fsrq,None,sey
FL16Y J1740.0+4737,S4 1738+47,fsrq,bll,None,bll
FL16Y J1745.6+3950,B2 1743+39C,bll,bcu,rdg,bll
FL16Y J1751.5+0938,OT 081,bll,bll,None,clagn
FL16Y J1756.9+1532,87GB 175437.6+153548,bcu,bcu,None,bll
FL16Y J1757.6+6534,7C 1757+6536,bcu,bcu,None,bll
FL16Y J1800.7+7828,S5 1803+784,bll,bll,None,clagn
FL16Y J1818.6+0904,MG1 J181841+0903,fsrq,fsrq,None,nls1
FL16Y J1822.0+6818,7C 1822+6816,bcu,bcu,None,fsrq
FL16Y J1823.6+6858,7C 1823+6856,bll,bll,None,clagn
FL16Y J1824.4-3239,PKS 1821-327,agn,None,rdg,None
FL16Y J1829.6+4845,3C 380,css,bcu,None,mis
FL16Y J1834.3+3136,4C +31.51,fsrq,bcu,None,bll
FL16Y J1843.5-4835,PKS 1839-48,rdg,bcu,rdg,mis
FL16Y J1848.4+3218,B2 1846+32A,fsrq,fsrq,None,nls1
FL16Y J1850.3+2632,NVSS J185023+263151,bll,bll,None,amb
FL16Y J1858.9+5707,87GB 185759.9+570427,fsrq,bcu,None,sey
FL16Y J1937.3-3958,PKS 1933-400,fsrq,bcu,None,clagn
FL16Y J2008.0-4434,PKS 2004-447,nlsy1,fsrq,None,mis
FL16Y J2017.5-4114,SUMSS J201729-411516,bcu,bcu,None,bll
FL16Y J2023.6-1139,PMN J2023-1140,fsrq,bcu,None,bll
FL16Y J2023.7-0125,PMN J2023-0123,bcu,bcu,None,bll
FL16Y J2026.2-2846,PMN J2025-2845,fsrq,fsrq,None,clagn
FL16Y J2030.2-0620,TXS 2027-065,fsrq,bcu,None,sey
FL16Y J2030.5-1439,NVSS J203028-143918,fsrq,bll,None,sey
FL16Y J2032.0+1219,PKS 2029+121,bll,bcu,None,fsrq
FL16Y J2040.1-7115,PKS 2035-714,bll,bll,None,amb
FL16Y J2052.2-5533,PMN J2052-5533,bcu,bcu,None,fsrq
FL16Y J2100.0+2103,MG3 J210007+2058,bcu,bcu,None,amb
FL16Y J2117.9+0015,PMN J2118+0013,fsrq,fsrq,None,sey
FL16Y J2120.6-1254,NVSS J212035-125443,bcu,bcu,None,sey
FL16Y J2134.2-0154,PKS 2131-021,bll,bll,None,clagn
FL16Y J2136.5-0645,TXS 2133-069,bcu,bcu,None,fsrq
FL16Y J2141.7-6411,PMN J2141-6411,bcu,bcu,None,fsrq
FL16Y J2148.1-0734,SDSS J214807.08-073347.0,bll,bll,None,amb
FL16Y J2148.9-0121,PKS 2146-01,bcu,bcu,None,sey
FL16Y J2156.3-0037,PKS B2153-008,fsrq,bcu,None,bll
FL16Y J2156.8-6942,PKS 2153-69,rdg,bcu,rdg,mis
FL16Y J2158.0-1501,PKS 2155-152,fsrq,fsrq,None,clagn
FL16Y J2202.7-5637,MS 2159.5-5649,bll,bcu,None,mis
FL16Y J2204.3+0438,4C +04.77,bll,bcu,None,sey
FL16Y J2207.3+0052,PMN J2207+0052,fsrq,bcu,None,clagn
FL16Y J2211.3-1329,PKS 2208-137,fsrq,bcu,rdg,fsrq
FL16Y J2212.1+2355,PKS 2209+236,fsrq,bcu,None,clagn
FL16Y J2223.1+1211,TXS 2220+119,bcu,bcu,None,fsrq
FL16Y J2224.4+0352,1RXS J222426.5+035445,bll,bll,None,sey
FL16Y J2225.6-0457,3C 446,fsrq,fsrq,None,clagn
FL16Y J2227.7-3035,PKS 2225-308,rdg,bcu,None,mis
FL16Y J2228.0-4155,RBS 1864,bcu,bcu,None,bll
FL16Y J2229.0-6911,PKS 2225-694,bcu,bcu,None,fsrq
FL16Y J2236.4+2829,B2 2234+28A,fsrq,fsrq,None,clagn
FL16Y J2246.0+1544,87GB 224338.7+152914,bll,bcu,rdg,bll
FL16Y J2253.3+3236,CRATES J225312+323615,bcu,bcu,None,fsrq
FL16Y J2302.8-1840,PKS 2300-18,rdg,bcu,rdg,mis
FL16Y J2304.4+0619,PKS 2301+060,bcu,bcu,None,fsrq
FL16Y J2311.6+2604,MG3 J231144+2604,bcu,bcu,None,fsrq
FL16Y J2313.8-4500,PKS 2311-452,bcu,bcu,None,fsrq
FL16Y J2318.3+1914,TXS 2315+189,bcu,bcu,None,fsrq
FL16Y J2322.4+4443,B3 2319+444,fsrq,bcu,None,bll
FL16Y J2325.4-3558,CTS 0490,fsrq,bcu,None,amb
FL16Y J2326.3+0112,SDSS J232625.63+011208.6,bcu,bcu,None,fsrq
FL16Y J2326.8-0201,PKS 2324-02,rdg,bcu,rdg,mis
FL16Y J2329.6-2117,PKS 2327-215,rdg,bcu,rdg,mis
FL16Y J2336.7+2356,B2 2334+23,bcu,bcu,None,mis
FL16Y J2338.1+0327,PKS 2335+03,fsrq,bcu,None,clagn
FL16Y J2339.2+0247,CRATES J233930+024420,bll,bcu,None,fsrq
FL16Y J2341.7-2918,PKS 2338-295,rdg,bcu,rdg,mis
FL16Y J2343.7-5626,PKS 2340-567,bcu,bcu,None,mis
FL16Y J2345.2-1555,PMN J2345-1555,fsrq,fsrq,None,clagn
FL16Y J2349.4+0535,TXS 2346+052,fsrq,fsrq,None,clagn
FL16Y J2351.0-1416,NVSS J235111-141557,rdg,bcu,rdg,bll
FL16Y J2353.0+3031,MG3 J235254+3030,bcu,bcu,None,fsrq
FL16Y J2358.0-4557,PKS 2355-461,bcu,fsrq,None,fsrq
FL16Y J2358.4+3829,B3 2355+382,bll,bll,None,sey
FL16Y J2359.2-2048,TXS 2356-210,bll,bll,rdg,bll
